Filename,Title,Keywords,Category
13.png,Festive Santa Claus hat brings holiday cheer to your projects with its classic red and white design,"santa,claus,hat,christmas,holiday,winter,season,festive,celebration,december,xmas,red,white,fur,pompom,tradition,merry,cheerful,joy,happiness,fun,party,event,decoration,ornament,accessory,clothing,apparel,cartoon,illustration,drawing,graphic,design,icon,symbol,clip,art,isolated,newyear,present,gift,cold,warm,cozy",8
14.png,Festive Santa hat illustration spreading joyful holiday cheer for Christmas promotions and seasonal greetings,"christmas,santa,hat,holiday,festive,celebration,december,xmas,season,winter,newyear,claus,merry,party,event,decoration,ornament,gift,card,invitation,design,graphic,icon,clip,art,vector,isolated,element,traditional,red,white,fluffy,costume,clothing,apparel,headwear,fashion,style,cartoon,cute,cheerful,fun,playful,noel,eve,tradition",15
1.png,Delightful red Christmas present with decorative green polka dot ribbon adds joy to holiday projects,"gift,present,christmas,holiday,celebration,festive,surprise,box,ribbon,bow,wrapped,package,december,event,occasion,winter,season,cheerful,merry,xmas,party,tradition,decorative,design,art,illustration,graphic,element,clip,clipart,drawing,cartoon,cute,joyful,happiness,giving,sharing,love,family,gathering,snowflake,ornament,red,green,polka,dot,greeting,card",8
2.png,"Festive Christmas tree illustration with colorful ornaments and a star, perfect for holiday greetings","christmas,tree,holiday,festive,ornament,star,celebration,season,winter,december,xmas,evergreen,decoration,traditional,design,graphic,happy,newyear,greeting,card,art,illustration,merry,cheerful,bright,colorful,fun,cute,cartoon,family,event,party,gift,present,joy,love,peace,hope,magic,childhood,nostalgia,vintage,retro,classic,simple,artistic,creative,minimal,isolated",8
3.png,Festive candy canes in pastel colors for whimsical holiday designs and cheerful Christmas promotions,"candy,cane,peppermint,sweet,christmas,holiday,festive,celebration,treat,dessert,sugar,confectionery,striped,color,pastel,pink,blue,green,yellow,white,delicious,yummy,tasty,tradition,traditional,season,seasonal,december,winter,xmas,newyear,newyearseve,party,fun,joy,cheerful,happy,cute,adorable,whimsical,design,element,graphic,art,illustration,drawing,doodle,cartoon,background,pattern,decorate,decoration",8
4.png,Cheerful Santa Claus with sack overflowing with colorful gifts brings holiday magic and Christmas joy,"santa,claus,christmas,holiday,xmas,gift,present,sack,santa claus,cheerful,happy,joy,festive,season,winter,december,tradition,celebration,cartoon,character,beard,hat,costume,merry,red,white,cute,fun,illustration,vector,design,graphic,art,holiday season,giving,sharing,kindness,generosity,spirit,religion,belief,culture,vintage,retro,nostalgia,story,tale,children,family",15
5.png,Festive reindeer with red nose and scarf brings holiday cheer for cards and winter celebrations,"reindeer,christmas,holiday,winter,xmas,scarf,red,nose,festive,celebration,snow,animal,mammal,cartoon,character,cute,funny,happy,joyful,december,season,seasonal,greeting,card,design,graphic,mascot,illustration,cheerful,merry,christmasy,tradition,traditional,decemberfest,party,rudolph,antlers,wintertime,wildlife,isolated,background,decoration,newyear",1
6.png,Delightful Christmas tree scene with colorful gifts conveys holiday cheer for seasonal designs and promotions,"christmas,tree,gifts,holiday,present,season,festive,celebration,december,xmas,newyear,winter,ornament,decoration,lights,star,ribbon,bow,colorful,bright,joyful,happiness,merry,cheerful,surprise,giving,sharing,family,tradition,pine,fir,evergreen,holidayseason,seasonal,background,design,element,card,invitation,greeting,party,event,graphic,illustration,clipart,cartoon,cute,fun,happy,xmas2024,holidays",12
7.png,Festive Santa Claus delivering gifts with happy reindeer and decorated tree for Merry Christmas,"christmas,santa,claus,reindeer,gifts,tree,holiday,festive,celebration,december,xmas,season,seasonal,merry,happy,joy,cheerful,fun,cartoon,illustration,cute,decoration,ornament,traditional,winter,newyear,present,greeting,card,design,graphic,vector,art,artistic,magical,wonderland,childhood,family,tradition,event,december25,santaClaus,xmasTree,ribbon,bow,star,bauble,scarf",8
8.png,Cheerful gold bell with red ribbon is perfect for holiday greetings and seasonal announcements today,"bell,golden,ribbon,christmas,holiday,festive,celebration,decoration,ornament,season,winter,december,xmas,newyear,greeting,card,invitation,event,party,design,graphic,icon,symbol,sign,cartoon,cute,fun,joy,happy,merry,religious,catholic,christian,tradition,traditional,vintage,retro,elegant,luxury,wealth,prosperity,success,awards,achievement,winner,victory,prize,gift,present,surprise,giving",8
9.png,Festive gold Christmas bell with holly and red ribbon for holiday cheer and seasonal celebrations,"christmas,bell,gold,holly,berry,ribbon,red,green,holiday,festive,season,celebration,decoration,ornament,december,xmas,event,traditional,winter,greeting,card,vintage,retro,sketch,drawing,artistic,graphic,design,decorative,element,symbol,icon,newyear,cheerful,happy,merry,eve,gift,present,party,invite,invitation,ornate,elegant,seasonal,nostalgia,family,gathering,classic",8
10.png,Festive candy cane with bold red stripes brings holiday cheer and sweet delight to seasonal projects,"candy,cane,peppermint,striped,red,white,sweet,festive,christmas,holiday,celebration,xmas,december,tradition,seasonal,winter,treat,sugar,dessert,food,graphic,icon,symbol,design,element,vector,art,illustration,drawing,sketch,outline,cartoon,cute,fun,joyful,happy,merry,party,santa,claus,gift,present,decoration,background,isolated,pattern,holidays,new,year",8
11.png,Intense flames burning bright with dynamic energy for safety awareness and industrial applications,"flame,fire,burn,hot,danger,heat,orange,yellow,energy,power,ignite,burning,warm,abstract,bright,design,graphic,illustration,symbol,icon,caution,warning,safety,emergency,risk,hazard,fuel,gas,oil,inferno,blaze,wildfire,bonfire,campfire,spark,glow,intense,vibrant,dynamic,motion,movement,passion,excitement,logo,sign,emblem,decoration,element,isolated,clipart,christmas",8
12.png,Indulge in a warm red mug of delightful hot chocolate topped with creamy marshmallows and whipped cream,"hotchocolate,chocolate,drink,beverage,mug,cup,dessert,sweet,treat,whippedcream,cream,marshmallow,marshmallows,winter,holiday,cozy,warm,delicious,tasty,cacao,cocoa,food,indulgence,refreshment,caffeine,cafe,coffee,shop,menu,cartoon,graphic,cute,illustration,drawing,design,vector,art,morning,aroma,steam,latte,mocha,hot,comfort,season,holidays,christmas,xmas",7